Timestamp,User Count,Type,Name,Requests/s,Failures/s,50%,66%,75%,80%,90%,95%,98%,99%,99.9%,99.99%,100%,Total Request Count,Total Failure Count,Total Median Response Time,Total Average Response Time,Total Min Response Time,Total Max Response Time,Total Average Content Size
1789405045,0,,Aggregated,0.000000,0.000000,N/A,N/A,N/A,N/A,N/A,N/A,N/A,N/A,N/A,N/A,N/A,0,0,0,0.0,0,0,0
1789405046,5,,Aggregated,0.000000,0.000000,95,98,98,99,99,99,99,99,99,99,99,5,0,95,78.46772521734238,49.15379197336733,99.4887501001358,28.0
1789405047,10,,Aggregated,0.000000,0.000000,49,51,95,98,99,99,99,99,99,99,99,10,0,19,47.427758504636586,13.56908306479454,99.4887501001358,28.0
1789405048,15,,Aggregated,0.000000,0.000000,17,19,51,95,98,99,99,99,99,99,99,15,0,17,34.55978071627518,7.294999901205301,99.4887501001358,28.0
1789405049,20,,Aggregated,5.000000,0.000000,17,17,49,51,98,99,99,99,99,99,99,20,0,16,29.99597303569317,7.294999901205301,99.4887501001358,28.0
1789405050,25,,Aggregated,5.000000,0.000000,17,49,98,99,4200,4700,4700,4700,4700,4700,4700,31,0,17,856.7751721448956,4.473582841455936,4739.803958917037,30.903225806451612
1789405051,30,,Aggregated,5.000000,0.000000,17,51,3900,4200,4600,4700,4700,4700,4700,4700,4700,40,0,16,1125.3499053535052,4.473582841455936,4739.803958917037,31.75
1789405052,35,,Aggregated,5.600000,0.000000,17,95,1400,3900,4500,4700,4700,4700,4700,4700,4700,49,0,17,1031.3024609824834,4.473582841455936,4739.803958917037,32.285714285714285
1789405053,40,,Aggregated,6.000000,0.000000,17,1400,4200,4300,4700,5300,5300,5900,5900,5900,5900,63,0,17,1468.6044908372596,4.473582841455936,5872.063542017713,33.476190476190474
1789405054,45,,Aggregated,6.428571,0.000000,49,1400,4300,4500,5000,5300,5900,5900,5900,5900,5900,74,0,46,1610.5548193162256,4.473582841455936,5888.352957786992,33.87837837837838
1789405055,50,,Aggregated,6.750000,0.000000,56,3700,4300,4500,5300,5300,5900,5900,5900,5900,5900,89,0,56,1774.4324017143442,4.473582841455936,5888.352957786992,34.57303370786517
1789405056,50,,Aggregated,7.666667,0.000000,1000,3900,4200,4500,5000,5300,5900,5900,5900,5900,5900,100,0,99,1934.202544183936,4.473582841455936,5888.352957786992,36.55
1789405057,50,,Aggregated,8.100000,0.000000,1400,4000,4200,4500,5000,5300,5500,5900,5900,5900,5900,110,0,1300,2131.3538333506917,4.473582841455936,5888.352957786992,37.13636363636363
1789405058,50,,Aggregated,8.700000,0.000000,1600,4100,4500,4600,5300,5900,8200,8700,8800,8800,8800,123,0,1600,2468.553857056318,4.473582841455936,8771.805916912854,37.609756097560975
1789405059,50,,Aggregated,9.000000,0.000000,3500,4200,4500,4700,5300,7400,8500,8700,8800,8800,8800,133,0,3500,2664.4298487003275,4.473582841455936,8771.805916912854,37.70676691729323
1789405060,50,,Aggregated,9.700000,0.000000,1900,4200,4500,4700,5300,7300,8200,8700,8800,8800,8800,153,0,1900,2698.0010934228844,4.473582841455936,8771.805916912854,41.189542483660134
1789405061,50,,Aggregated,10.900000,0.000000,1700,4200,4500,4700,5300,7000,8200,8700,8800,8800,8800,164,0,1700,2686.2779707923282,4.473582841455936,8771.805916912854,42.23170731707317
1789405062,50,,Aggregated,11.500000,0.000000,1600,4200,4500,4700,5300,7100,8200,8700,8800,8800,8800,185,0,1600,2688.2439880682205,4.473582841455936,8771.805916912854,42.5945945945946
1789405063,50,,Aggregated,12.000000,0.000000,1400,4200,4500,4600,5300,7300,8200,8700,8800,8800,8800,195,0,1400,2649.7470354709108,4.473582841455936,8771.805916912854,44.676923076923075
1789405064,50,,Aggregated,12.500000,0.000000,1400,4100,4400,4500,5300,7100,8100,8500,8800,8800,8800,209,0,1400,2555.9144535349265,4.473582841455936,8771.805916912854,48.8421052631579
1789405065,50,,Aggregated,13.300000,0.000000,1300,4000,4300,4500,5300,7100,8100,8500,8800,8800,8800,219,0,1300,2493.268232287618,4.473582841455936,8771.805916912854,49.38812785388128
1789405066,50,,Aggregated,13.100000,0.000000,1300,3900,4200,4500,5300,6900,8100,8500,8800,8800,8800,241,0,1300,2364.80421661322,4.473582841455936,8771.805916912854,56.04149377593361
1789405067,50,,Aggregated,12.800000,0.000000,1300,3800,4200,4500,5300,6900,8100,8500,8800,8800,8800,248,0,1300,2341.561854322208,4.473582841455936,8771.805916912854,57.479838709677416
1789405068,50,,Aggregated,13.700000,0.000000,1300,3500,4200,4400,5100,6700,7600,8500,8800,8800,8800,264,0,1300,2286.9044368536297,4.473582841455936,8771.805916912854,61.390151515151516
1789405069,50,,Aggregated,14.200000,0.000000,1300,1700,4100,4300,5000,6700,7600,8500,8800,8800,8800,277,0,1300,2230.3640345827635,4.473582841455936,8771.805916912854,62.31046931407942
1789405070,50,,Aggregated,14.100000,0.000000,1300,1600,4100,4300,5000,6500,7600,8500,8800,8800,8800,292,0,1200,2169.879260976888,4.473582841455936,8771.805916912854,67.33904109589041
1789405071,50,,Aggregated,14.000000,0.000000,1200,1500,4000,4200,4900,5900,7400,8200,8800,8800,8800,304,0,1200,2127.784006159728,4.473582841455936,8771.805916912854,68.13157894736842
1789405072,50,,Aggregated,13.800000,0.000000,1200,1500,4000,4200,4800,5900,7400,8200,8800,8800,8800,316,0,1200,2086.2315057922756,4.473582841455936,8771.805916912854,69.81962025316456
1789405073,50,,Aggregated,13.900000,0.000000,1200,1500,3800,4200,4800,5900,7400,8200,8800,8800,8800,329,0,1200,2049.9190267127315,4.473582841455936,8771.805916912854,72.95744680851064
1789405074,50,,Aggregated,13.900000,0.000000,1200,1400,3700,4200,4700,5500,7400,8200,8800,8800,8800,344,0,1200,2006.939078112631,4.473582841455936,8771.805916912854,76.27616279069767
1789405075,50,,Aggregated,13.400000,0.000000,1200,1400,3500,4100,4700,5500,7400,8200,8800,8800,8800,359,0,1200,1959.6514138743323,4.473582841455936,8771.805916912854,77.26740947075209
1789405076,50,,Aggregated,13.500000,0.000000,1200,1400,1900,4000,4700,5500,7400,8200,8800,8800,8800,371,0,1200,1927.0200401976342,4.473582841455936,8771.805916912854,82.04851752021564
1789405077,50,,Aggregated,13.900000,0.000000,1200,1400,1700,4000,4600,5300,7400,8200,8800,8800,8800,387,0,1200,1886.6554361464846,4.473582841455936,8771.805916912854,84.4547803617571
1789405078,50,,Aggregated,13.300000,0.000000,1100,1300,1600,3900,4600,5300,7300,8100,8800,8800,8800,408,0,1100,1837.6217808382696,4.473582841455936,8771.805916912854,85.23774509803921
1789405079,50,,Aggregated,13.300000,0.000000,1100,1300,1500,3800,4500,5300,7300,8100,8800,8800,8800,414,0,1100,1824.09654599322,4.473582841455936,8771.805916912854,85.80676328502416
1789405080,50,,Aggregated,14.000000,0.000000,1100,1300,1500,3700,4500,5300,7300,8100,8800,8800,8800,426,0,1100,1806.4994461082376,4.473582841455936,8771.805916912854,87.23239436619718
1789405081,50,,Aggregated,14.300000,0.000000,1100,1300,1500,2100,4500,5300,7300,8100,8800,8800,8800,453,0,1100,1762.6890498480736,4.473582841455936,8771.805916912854,89.62913907284768
1789405082,50,,Aggregated,13.800000,0.000000,1100,1300,1500,1900,4500,5300,7300,8100,8800,8800,8800,461,0,1100,1748.8982980791075,4.473582841455936,8771.805916912854,90.67462039045553
1789405083,50,,Aggregated,13.700000,0.000000,1100,1300,1400,1700,4500,5300,7300,8100,8800,8800,8800,475,0,1100,1727.197558153911,4.473582841455936,8771.805916912854,92.72842105263157
1789405084,50,,Aggregated,14.500000,0.000000,1100,1300,1400,1600,4500,5300,7300,8100,8800,8800,8800,491,0,1100,1703.8360616868426,4.473582841455936,8771.805916912854,95.4887983706721
